{"name":"t:sections.footer.name","type":"footer","sections":{"tw_footer_i783me":{"type":"TW-footer","blocks":{"left_menu_mXnEGa":{"type":"left-menu","settings":{"menu-title":"Our Company","menu":"our-company"}},"mid_menu_9tAYFP":{"type":"mid-menu","settings":{"menu-title":"Categories","menu-1":"categories-for-im-eco-footer","menu-2":"categories-for-dencrus","menu-3":"categories-for-shaveco"}},"right_top_menu_YBNjkK":{"type":"right-top-menu","settings":{"menu-title":"Join Our Tribe"}},"social_menu_1_L8GcAc":{"type":"social-menu-1","settings":{"image1":"shopify:\/\/shop_images\/Instagram_ead197f5-4124-4d8c-9f83-69778d535452.png","url1":"https:\/\/www.instagram.com\/ecoconsiousliving\/"}},"social_menu_1_9qgn6d":{"type":"social-menu-1","settings":{"image1":"shopify:\/\/shop_images\/Linkedin_9d540e22-e4e6-4285-b600-f8790fff0102.png","url1":"https:\/\/www.linkedin.com\/company\/ecoconsiousliving"}},"social_menu_1_mYdWe4":{"type":"social-menu-1","settings":{"image1":"shopify:\/\/shop_images\/Facebook_f20430c9-24df-464c-ae5a-506ddbb8c805.png","url1":"https:\/\/www.facebook.com\/people\/Ecoconsious-A-Marketplace-By-Amwoodo\/61552053185820\/"}},"social_menu_1_MyUwKm":{"type":"social-menu-1","settings":{"image1":"shopify:\/\/shop_images\/YouTube_b7cfcd14-337d-4566-9354-c9b3f767b45b.png","url1":"https:\/\/www.youtube.com\/@ecoconsiousliving"}},"social_menu_2_7UbUAb":{"type":"social-menu-2","settings":{"image1":"shopify:\/\/shop_images\/Instagram_ead197f5-4124-4d8c-9f83-69778d535452.png","url1":"https:\/\/www.instagram.com\/ecoconsiousliving\/"}},"social_menu_2_PFxKfq":{"type":"social-menu-2","settings":{"image1":"shopify:\/\/shop_images\/Linkedin_9d540e22-e4e6-4285-b600-f8790fff0102.png","url1":"https:\/\/www.linkedin.com\/company\/ecoconsiousliving"}},"social_menu_2_CQYtFz":{"type":"social-menu-2","settings":{"image1":"shopify:\/\/shop_images\/Facebook_f20430c9-24df-464c-ae5a-506ddbb8c805.png","url1":"https:\/\/www.facebook.com\/people\/Ecoconsious-A-Marketplace-By-Amwoodo\/61552053185820\/"}},"social_menu_2_MG76CF":{"type":"social-menu-2","settings":{"image1":"shopify:\/\/shop_images\/YouTube_b7cfcd14-337d-4566-9354-c9b3f767b45b.png","url1":"https:\/\/www.youtube.com\/@ecoconsiousliving"}},"social_menu_3_GqKNWE":{"type":"social-menu-3","settings":{"image1":"shopify:\/\/shop_images\/Instagram_ead197f5-4124-4d8c-9f83-69778d535452.png","url1":"https:\/\/www.instagram.com\/ecoconsiousliving\/"}},"social_menu_3_Ny3NCX":{"type":"social-menu-3","settings":{"image1":"shopify:\/\/shop_images\/Linkedin_9d540e22-e4e6-4285-b600-f8790fff0102.png","url1":"https:\/\/www.linkedin.com\/company\/ecoconsiousliving"}},"social_menu_3_NbC6rk":{"type":"social-menu-3","settings":{"image1":"shopify:\/\/shop_images\/Facebook_f20430c9-24df-464c-ae5a-506ddbb8c805.png","url1":"https:\/\/www.facebook.com\/people\/Ecoconsious-A-Marketplace-By-Amwoodo\/61552053185820\/"}},"social_menu_3_Pj9dLP":{"type":"social-menu-3","settings":{"image1":"shopify:\/\/shop_images\/YouTube_b7cfcd14-337d-4566-9354-c9b3f767b45b.png","url1":"https:\/\/www.youtube.com\/@ecoconsiousliving"}}},"block_order":["left_menu_mXnEGa","mid_menu_9tAYFP","right_top_menu_YBNjkK","social_menu_1_L8GcAc","social_menu_1_9qgn6d","social_menu_1_mYdWe4","social_menu_1_MyUwKm","social_menu_2_7UbUAb","social_menu_2_PFxKfq","social_menu_2_CQYtFz","social_menu_2_MG76CF","social_menu_3_GqKNWE","social_menu_3_Ny3NCX","social_menu_3_NbC6rk","social_menu_3_Pj9dLP"],"settings":{"copyright-text":"A Marketplace by AmwoodoSupported By   Rainmatter Capital is an initiative by Zerodha","poweredby_desktop":"shopify:\/\/shop_images\/AMWOODO_LOGO_WT.png","poweredby_mobile":"shopify:\/\/shop_images\/AMWOODO_LOGO_WT.png","image-Logo":"shopify:\/\/shop_images\/Ecoconsious_1_-02.png","custom_body_font_family":"","div_color":"#0f2e16","text_color":"#ffffff","link_color":"#ffffff","btn_color":"#0e593e","heading_font_size":24,"body_font_size":15}},"footer":{"type":"footer","disabled":true,"settings":{"color_scheme":"scheme-1","newsletter_enable":true,"newsletter_heading":"Subscribe to our emails","enable_follow_on_shop":true,"show_social":true,"enable_country_selector":true,"enable_language_selector":true,"payment_enable":true,"show_policy":true,"margin_top":0,"padding_top":36,"padding_bottom":36}}},"order":["tw_footer_i783me","footer"]}