{"name":"t:sections.header.name","type":"header","sections":{"amw_sale_timer_Em7j3A":{"type":"amw-sale-timer","settings":{"timer_enabled":false,"timer_text":"Steal Deal @ ₹149! 🛍️","end_date":"2025-07-12","end_time":"23:59","auto_hide_when_expired":true,"show_close_button":true,"button_text":"Shop Now","button_url":"shopify:\/\/collections\/shop-149","days_label":"Day","hours_label":"Hours","minutes_label":"Min","seconds_label":"Sec","background_color":"#0f2e16","text_color":"#ffffff","accent_color":"#3cb449","button_bg_color":"#ffffff","button_text_color":"#121212"}},"tw_scrooling_text_acn7hj":{"type":"tw-scrooling-text","blocks":{"text_6Mcf7n":{"type":"text","settings":{"text_content":"🌿 Free shipping on orders over ₹499"}},"text_p8QEWa":{"type":"text","settings":{"text_content":"🌿 20% Off on Orders Over ₹3499"}},"text_6zhq9b":{"type":"text","settings":{"text_content":"🌿 15% Off on Orders Over ₹2499"}},"text_rjpJ84":{"type":"text","settings":{"text_content":"🌿 10% Off on Orders Over ₹1599"}}},"block_order":["text_6Mcf7n","text_p8QEWa","text_6zhq9b","text_rjpJ84"],"settings":{"div-color":"rgba(0,0,0,0)","Text-color":"#121212","border-color":"rgba(0,0,0,0)","custom_body_font_family":"","body_font_size":14,"font_weight":"300","animation_direction":"left","animation_speed":220,"repeat_count":24,"section_padding_top":7,"section_padding_bottom":7,"item_gap":40,"group_padding":4,"logo_text_gap":10,"logo_height":20,"show_border":false,"border_width":1}},"announcement-bar":{"type":"announcement-bar","blocks":{"announcement-bar-0":{"type":"announcement","settings":{"text":"FREE SHIPPING ON ORDERS ABOVE ₹ 499","link":""}},"announcement_R8WABn":{"type":"announcement","disabled":true,"settings":{"text":"CASH ON DELIVERY AVAILABLE – ORDER NOW !","link":"#"}}},"block_order":["announcement-bar-0","announcement_R8WABn"],"disabled":true,"settings":{"color_scheme":"scheme-3","show_line_separator":true,"show_social":false,"auto_rotate":true,"change_slides_speed":3,"enable_country_selector":false,"enable_language_selector":false}},"header":{"type":"header","blocks":{"68c03550-6136-11ef-a7cc-1f39ddc58eb5":{"type":"shopify:\/\/apps\/wishlist-hero\/blocks\/header-icon\/a9a5079b-59e8-47cb-b659-ecf1c60b9b72","settings":{"customThemeName":"~","useCustomHeaderColor":false,"customHeaderColor":"","useCustomHeaderSize":false,"customHeaderIconSize":22,"additionalIconCssClassNames":"","additionalIconStyle":"","additionalContainerClasses":"","additionalContainerStyle":"","replaceExistingClasses":false}},"menu_hXqkqL":{"type":"menu","settings":{"menu_for_iameco":"","menu_for_dencrus":"","menu_for_shaveco":""}},"menu_TFeeBw":{"type":"menu","settings":{"menu_for_iameco":"categories-for-iameco","menu_for_dencrus":"categories-for-dencrus","menu_for_shaveco":"categories-for-shaveco"}}},"block_order":["68c03550-6136-11ef-a7cc-1f39ddc58eb5","menu_hXqkqL","menu_TFeeBw"],"settings":{"logo_position":"top-left","menu":"main-menu","menu_type_desktop":"dropdown","sticky_header_type":"always","show_line_separator":true,"color_scheme":"scheme-bfa09767-9a80-401e-b639-b0dd00f8dedf","menu_color_scheme":"scheme-1","enable_country_selector":false,"enable_language_selector":false,"enable_customer_avatar":true,"mobile_logo_position":"center","margin_bottom":0,"padding_top":0,"padding_bottom":4,"add_first_brand_name":"I’M ECO","first_brand_page_url":"shopify:\/\/pages\/imeco","add_second_brand_name":"DENCRUS","second_brand_page_url":"shopify:\/\/pages\/dencrus","add_third_brand_name":"SHAVECO","third_brand_page_url":"shopify:\/\/pages\/shaveco","add_parent_brand_logo":"shopify:\/\/shop_images\/Ecoconsious_Dark.svg","add_first_brand_logo":"shopify:\/\/shop_images\/Imeco_Dark.svg","add_second_brand_logo":"shopify:\/\/shop_images\/Dencrus_Dark.svg","add_third_brand_logo":"shopify:\/\/shop_images\/Shaveco_Dark.svg"}}},"order":["amw_sale_timer_Em7j3A","tw_scrooling_text_acn7hj","announcement-bar","header"]}