{"name":"t:sections.header.name","type":"header","sections":{"announcement-bar":{"type":"announcement-bar","blocks":{"announcement-bar-0":{"type":"announcement","settings":{"text":"Get 35% Off on All Orders >    999. Shop Now","link":""}}},"block_order":["announcement-bar-0"],"settings":{"color_scheme":"scheme-5","show_line_separator":true,"show_social":false,"auto_rotate":false,"change_slides_speed":5,"enable_country_selector":false,"enable_language_selector":false}},"header":{"type":"header","settings":{"logo_position":"top-left","menu":"main-menu-1","menu_type_desktop":"dropdown","sticky_header_type":"always","show_line_separator":true,"color_scheme":"scheme-1","menu_color_scheme":"scheme-1","enable_country_selector":false,"enable_language_selector":false,"enable_customer_avatar":true,"mobile_logo_position":"center","margin_bottom":0,"padding_top":4,"padding_bottom":8,"add_first_brand_name":"I’M ECO","first_brand_page_url":"https:\/\/amwoodo-store.myshopify.com\/","add_second_brand_name":"DENCRUS","second_brand_page_url":"shopify:\/\/pages\/dencrus","add_third_brand_name":"SHAVECO","third_brand_page_url":"shopify:\/\/pages\/shaveco"}}},"order":["announcement-bar","header"]}