{"sections":{"main":{"type":"main-article","blocks":{"title":{"type":"title","settings":{"blog_show_date":true,"blog_show_author":true}},"featured_image":{"type":"featured_image","settings":{"image_height":"adapt"}},"content":{"type":"content","settings":{}},"share_C3nQzK":{"type":"share","settings":{"share_label":"Share"}}},"block_order":["title","featured_image","content","share_C3nQzK"],"custom_css":[".article-template__content {font-family: \"Times New Roman\" !important; font-size: 20px;}"],"settings":{}},"blog_featured_product_HcgFJk":{"type":"blog-featured-product","settings":{"show_vendor":false}},"article_second_part_9DArxk":{"type":"article-second-part","custom_css":[".metafield-rich_text_field {font-family: \"Times New Roman\" !important; font-size: 20px;}"],"settings":{"background_color":"rgba(0,0,0,0)","text_color":"#121212","link_color":"#121212","padding_top":24,"padding_bottom":0}},"blog_image_block_p4dLME":{"type":"blog_image_block","name":"Blog Image Blocks","settings":{"blog_image_blocks":[]}}},"order":["main","blog_image_block_p4dLME","blog_featured_product_HcgFJk","article_second_part_9DArxk"]}