{"sections":{"rich_text_Mewrtp":{"type":"rich-text","blocks":{"heading_Pj4Nhq":{"type":"heading","settings":{"heading":"<strong>Our Blogs<\/strong>","heading_size":"h1"}}},"block_order":["heading_Pj4Nhq"],"settings":{"desktop_content_position":"center","content_alignment":"center","color_scheme":"","full_width":true,"padding_top":40,"padding_bottom":0}},"main":{"type":"main-blog","custom_css":[".main-blog h1 {display: none;}"],"settings":{"layout":"collage","show_image":true,"image_height":"adapt","show_date":true,"show_author":true,"padding_top":36,"padding_bottom":36}}},"order":["rich_text_Mewrtp","main"]}