{"sections":{"banner":{"type":"main-collection-banner","disabled":true,"settings":{"show_collection_description":true,"show_collection_image":false,"color_scheme":"scheme-1"}},"common_collection_page_banner_RUFNBP":{"type":"common-collection-page-banner","settings":{}},"amw_bredcrum_EXe9Hn":{"type":"amw-bredcrum","settings":{}},"product-grid":{"type":"main-collection-product-grid","settings":{"products_per_page":16,"columns_desktop":4,"color_scheme":"scheme-1","image_ratio":"adapt","image_shape":"default","show_secondary_image":true,"show_vendor":false,"show_rating":true,"quick_add":"standard","enable_filtering":true,"filter_type":"vertical","enable_sorting":true,"columns_mobile":"2","padding_top":0,"padding_bottom":36}}},"order":["banner","common_collection_page_banner_RUFNBP","amw_bredcrum_EXe9Hn","product-grid"]}