{"sections":{"banner":{"type":"main-collection-banner","disabled":true,"settings":{"show_collection_description":true,"show_collection_image":false,"color_scheme":"scheme-1"}},"amw_bredcrum_EXe9Hn":{"type":"amw-bredcrum","settings":{}},"product-grid":{"type":"main-collection-product-grid","disabled":true,"settings":{"products_per_page":16,"columns_desktop":3,"color_scheme":"scheme-1","image_ratio":"adapt","image_shape":"default","show_secondary_image":true,"show_vendor":false,"show_rating":true,"quick_add":"standard","enable_filtering":true,"filter_type":"vertical","enable_sorting":true,"columns_mobile":"2","padding_top":0,"padding_bottom":36}},"amw_collection_banner_djFXQz":{"type":"amw_collection_banner","settings":{"add_desktop_image":"shopify:\/\/shop_images\/summer-13.png","add_mobile_image":"shopify:\/\/shop_images\/summer-13.png"}},"amw_feartured_collection_JhrmfN":{"type":"amw-feartured-collection","settings":{"title":"","collection":"summer-special-value-pack","desktop_banner_image":"shopify:\/\/shop_images\/summer-04_c97d3acf-eac7-47dc-b7d9-e67c066204df.png","mobile_banner_image":"shopify:\/\/shop_images\/summer-01_1.png","products_to_show":20,"desktop_slides_per_view":4,"mobile_slides_per_view":2,"background_color":"#ffffff","text_color":"#000000","sale_color":"#618439","scrollbar_track_color":"#eeeeee","scrollbar_thumb_color":"#3eb60b","arrow_color":"#3eb60b","arrow_bg_color":"#f5f5f5","arrow_bg_hover_color":"#e0e0e0"}},"amw_feartured_collection_irGNdy":{"type":"amw-feartured-collection","settings":{"title":"","collection":"flat-60-off","desktop_banner_image":"shopify:\/\/shop_images\/summer-03_4649e230-120e-46f6-84cf-a55728aa9995.png","mobile_banner_image":"shopify:\/\/shop_images\/summer-06_605c08b7-bac4-402d-9ed3-f63e30a5badd.png","products_to_show":20,"desktop_slides_per_view":4,"mobile_slides_per_view":2,"background_color":"#ffffff","text_color":"#000000","sale_color":"#618439","scrollbar_track_color":"#eeeeee","scrollbar_thumb_color":"#3eb60b","arrow_color":"#3eb60b","arrow_bg_color":"#f5f5f5","arrow_bg_hover_color":"#e0e0e0"}},"amw_feartured_collection_eRJLfq":{"type":"amw-feartured-collection","settings":{"title":"","collection":"summer-special-99","desktop_banner_image":"shopify:\/\/shop_images\/summer-05_a0d33ccb-e606-42e7-9dc5-9fc3604d4b74.png","mobile_banner_image":"shopify:\/\/shop_images\/summer-05_25ef6862-c442-4bae-b9b8-8d36d2cb898b.png","products_to_show":20,"desktop_slides_per_view":4,"mobile_slides_per_view":2,"background_color":"#ffffff","text_color":"#000000","sale_color":"#618439","scrollbar_track_color":"#eeeeee","scrollbar_thumb_color":"#3eb60b","arrow_color":"#3eb60b","arrow_bg_color":"#f5f5f5","arrow_bg_hover_color":"#e0e0e0"}},"amw_collection_banner_HdtMpH":{"type":"amw_collection_banner","disabled":true,"settings":{"add_desktop_image":"shopify:\/\/shop_images\/Web_banner-03_623fbcf9-5e66-46d5-9fae-db92445f6d25.png"}},"amw_collection_banner_fDVTQA":{"type":"amw_collection_banner","disabled":true,"custom_css":[],"settings":{"add_desktop_image":"shopify:\/\/shop_images\/email-pop_c6b76188-d88b-408f-97d4-736a4c50de9c.png"}}},"order":["banner","amw_bredcrum_EXe9Hn","product-grid","amw_collection_banner_djFXQz","amw_feartured_collection_JhrmfN","amw_feartured_collection_irGNdy","amw_feartured_collection_eRJLfq","amw_collection_banner_HdtMpH","amw_collection_banner_fDVTQA"]}