{"sections":{"tw_banner_slider_DxkAEb":{"type":"tw-banner-slider","blocks":{"slide_pGmKW6":{"type":"Slide","disabled":true,"settings":{"slideimg":"shopify:\/\/shop_images\/Desktop_Banner_Home.png","slideimgmob":"shopify:\/\/shop_images\/Mobile_Banner_Home.png","link":"shopify:\/\/collections\/plastic-free-products"}},"slide_d7xT3P":{"type":"Slide","settings":{"slideimg":"shopify:\/\/shop_images\/Desktop_Banner_Collection.png","slideimgmob":"shopify:\/\/shop_images\/Mobile_Banner_Collection.png","link":"shopify:\/\/collections\/plastic-free-products"}},"slide_p6cL4P":{"type":"Slide","settings":{"slideimg":"shopify:\/\/shop_images\/Artboard_1_3x_55540acf-67f1-49f3-b2b3-0a8a7271c9a1.png","slideimgmob":"shopify:\/\/shop_images\/Artboard_4_3x_a607f384-410c-4619-8fab-66fc02e90f4e.png","link":"shopify:\/\/products\/bamboo-paddle-brush"}},"slide_NXUJ7Q":{"type":"Slide","settings":{"slideimg":"shopify:\/\/shop_images\/desktop_banner3.png","slideimgmob":"shopify:\/\/shop_images\/Artboard_1_3x_0beb5665-787c-4a7a-9b46-c87196226284.png","link":"shopify:\/\/collections\/im-eco"}},"slide_cFeqd8":{"type":"Slide","settings":{"slideimg":"shopify:\/\/shop_images\/Artboard_2_3x_1.png","slideimgmob":"shopify:\/\/shop_images\/Artboard_2_3x_59a2eb6f-1aad-41a7-8f91-43d52db64016.png","link":"shopify:\/\/collections\/dencrus"}},"slide_QjQnRP":{"type":"Slide","settings":{"slideimg":"shopify:\/\/shop_images\/Artboard_3_3x_1.png","slideimgmob":"shopify:\/\/shop_images\/Artboard_3_3x_d483b64c-a094-4a1c-a80c-e9ad82103d38.png","link":"shopify:\/\/collections\/shaveco"}},"slide_JJgXjD":{"type":"Slide","disabled":true,"settings":{"slideimg":"shopify:\/\/shop_images\/Artboard_2_3x_1_cbac3b37-302a-4f9d-bfbe-43b0992741f5.png","slideimgmob":"shopify:\/\/shop_images\/Artboard_2_3x_46b031c6-0ea5-458c-8467-55682182cc47.png","link":"shopify:\/\/collections\/dencrus"}},"slide_6iLnrA":{"type":"Slide","disabled":true,"settings":{"slideimg":"shopify:\/\/shop_images\/Artboard_3_3x_1_e8d1bd86-765b-4242-869d-f1145e9bd876.png","slideimgmob":"shopify:\/\/shop_images\/Artboard_3_3x_f64f11fc-a0ed-4e2a-b2c1-97da1cd84dca.png","link":"shopify:\/\/collections\/shaveco"}}},"block_order":["slide_pGmKW6","slide_d7xT3P","slide_p6cL4P","slide_NXUJ7Q","slide_cFeqd8","slide_QjQnRP","slide_JJgXjD","slide_6iLnrA"],"settings":{"check_to_auto_slides":true,"time_interval":5}},"amw_image_grid_cWRK3t":{"type":"amw-image-grid","settings":{"title":"Consciously Crafted. Naturally Better","image_1":"shopify:\/\/shop_images\/Hair_Care_Essentials.png","title_1":"","link_1":"hair-care-essentials","image_2":"shopify:\/\/shop_images\/Collection_of_bamboo_products.png","title_2":"","link_2":"bamboo-collection","image_3":"shopify:\/\/shop_images\/Eco-Friendly_Tissue_Collection.png","title_3":"","link_3":"bamboo-tissues","image_4":"shopify:\/\/shop_images\/Eco-Friendly_Bamboo_Drinkware_Collection.png","title_4":"","link_4":"drinkware","image_5":"shopify:\/\/shop_images\/Artboard_5_3x_24feea59-9eb4-4c84-b562-d1b04ce15e8a.png","title_5":"","link_5":"value-combos"}},"budget_offers_yXwVNe":{"type":"budget-offers","blocks":{"image_EqNCCy":{"type":"image","disabled":true,"settings":{"offer_image":"shopify:\/\/shop_images\/CARDS-01.png","alt_text":"Deals Under 99","collection":"under-99"}},"image_ExjhJp":{"type":"image","settings":{"offer_image":"shopify:\/\/shop_images\/CARDS-02.png","alt_text":"Deals Under 299","collection":"under-299"}},"image_xnmnWb":{"type":"image","settings":{"offer_image":"shopify:\/\/shop_images\/CARDS-03.png","alt_text":"Deals Under 499","collection":"under-499"}},"image_JQxgnz":{"type":"image","settings":{"offer_image":"shopify:\/\/shop_images\/CARDS-04.png","alt_text":"Deals Under 799","collection":"under-799"}},"image_JX3qi9":{"type":"image","settings":{"offer_image":"shopify:\/\/shop_images\/CARDS-05.png","alt_text":"Value Pack Combos","collection":"value-combos"}}},"block_order":["image_EqNCCy","image_ExjhJp","image_xnmnWb","image_JQxgnz","image_JX3qi9"],"settings":{"heading":"Budget Finds","section_bg_color":"#f2f8f1","padding_top":10,"padding_bottom":0,"grid_gap":20,"mobile_gap":15,"border_radius":2}},"collection_list_b4bfm9":{"type":"collection-list","blocks":{"featured_collection_3EG7wD":{"type":"featured_collection","settings":{"collection":"199-eco-picks"}},"featured_collection_CUGagc":{"type":"featured_collection","settings":{"collection":""}},"featured_collection_9aX6CP":{"type":"featured_collection","settings":{"collection":""}}},"block_order":["featured_collection_3EG7wD","featured_collection_CUGagc","featured_collection_9aX6CP"],"disabled":true,"settings":{"title":"Collections","heading_size":"h2","image_ratio":"square","columns_desktop":3,"color_scheme":"","show_view_all":false,"columns_mobile":"1","swipe_on_mobile":false,"padding_top":36,"padding_bottom":36}},"featured_collection_bmaMdP":{"type":"featured-collection","disabled":true,"settings":{"title":"Bamboo Trends","greentitle":"","heading_size":"h2","description":"","show_description":false,"description_style":"body","collection":"bamboo-trends","products_to_show":25,"columns_desktop":4,"full_width":false,"show_view_all":false,"view_all_style":"solid","enable_desktop_slider":true,"color_scheme":"","image_ratio":"adapt","image_shape":"default","show_secondary_image":true,"show_vendor":false,"show_rating":true,"quick_add":"standard","columns_mobile":"2","swipe_on_mobile":true,"padding_top":0,"padding_bottom":0}},"featured_collection_Pjm3F8":{"type":"featured-collection","settings":{"title":"Best Selling Across Brands","greentitle":"","heading_size":"h2","description":"","show_description":false,"description_style":"body","collection":"bestsellers-across-brands","products_to_show":25,"columns_desktop":4,"full_width":false,"show_view_all":true,"view_all_style":"solid","enable_desktop_slider":true,"color_scheme":"","image_ratio":"adapt","image_shape":"default","show_secondary_image":true,"show_vendor":false,"show_rating":true,"quick_add":"standard","columns_mobile":"2","swipe_on_mobile":true,"padding_top":0,"padding_bottom":0}},"custom_liquid_GeUghc":{"type":"custom-liquid","settings":{"custom_liquid":"<style>\n\n    .heading-container {\n        display: flex;\n        flex-wrap: wrap;\n        align-items: center;\n        justify-content: center;\n        gap: 20px;\n        padding:0;\n    }\n\n    .heading-item {\n        display: flex;\n        align-items: center;\n        gap: 15px;\n        position: relative;\n    }\n\n    .icon {\n        font-size: 2.2rem;\n        color: #27ae60;\n        filter: drop-shadow(0 2px 4px rgba(0, 0, 0, 0.1));\n    }\n\n    .hashtag {\n        opacity: 0.7;\n    }\n\n    \/* Responsive Design *\/\n    @media (max-width: 768px) {\n        .heading-container {\n            gap: 5px;\n        }\n\n        .heading-item {\n            gap: 5px;\n        }\n\n        .icon {\n            font-size: 1.8rem;\n        }\n    }\n\n    @media (max-width: 480px) {\n        .heading-container {\n            flex-direction:row;\n            gap: 5px;\n        }\n\n        .heading-item:not(:last-child)::after {\n            display: none;\n        }\n    }\n\n    \/* Subtle Animation *\/\n    .heading-item {\n        animation: fadeInUp 0.6s ease-out forwards;\n        opacity: 0;\n        transform: translateY(20px);\n    }\n\n    .heading-item:nth-child(1) {\n        animation-delay: 0.1s;\n    }\n\n    .heading-item:nth-child(2) {\n        animation-delay: 0.3s;\n    }\n\n    @keyframes fadeInUp {\n        to {\n            opacity: 1;\n            transform: translateY(0);\n        }\n    }\n\n    \/* Hover Effects *\/\n    .heading-item:hover .icon {\n        transform: scale(1.1);\n        transition: transform 0.3s ease;\n    }\n\n    .heading-item:hover .text {\n        opacity: 0.8;\n        transition: opacity 0.3s ease;\n    }\n<\/style>\n<\/head>\n\n<body>\n    <div class=\"dw-heading-special\">\n        <div class=\"heading-container\">\n            <div class=\"heading-item\">\n                <span class=\"hashtag\"><\/span>\n                <span class=\"text\">#SustainableLiving<\/span>\n            <\/div>\n            <div class=\"heading-item\">\n                <span class=\"text\">🌿<\/span>\n            <\/div>\n    \n            <div class=\"heading-item\">\n\n                <span class=\"text\">#ConsciousLiving<\/span>\n            <\/div>\n        <\/div>\n    <\/div>","color_scheme":"","padding_top":0,"padding_bottom":0}},"1730186788085c267f":{"type":"apps","blocks":{"quinn_shoppable_reel_app_cards_block_JEnLm6":{"type":"shopify:\/\/apps\/quinn-shoppable-reel\/blocks\/app-cards-block\/483fa771-9c4d-49e4-8c0d-0155f4b872d6","settings":{"custom_metaobject_handle":"null","background_color":"#ffffff","margin_desktop":"10px 0px 0px 0px","margin_mobile":"5px 0px 0px 0px","padding_desktop":"10px 10px 10px 10px","padding_mobile":"10px 5px 10px 5px"}}},"block_order":["quinn_shoppable_reel_app_cards_block_JEnLm6"],"settings":{"include_margins":true}},"featured_collection_M94tCF":{"type":"featured-collection","disabled":true,"settings":{"title":"Daily Essentials","greentitle":"","heading_size":"h2","description":"","show_description":false,"description_style":"body","collection":"best-selling-personal-care","products_to_show":25,"columns_desktop":3,"full_width":false,"show_view_all":true,"view_all_style":"solid","enable_desktop_slider":true,"color_scheme":"","image_ratio":"adapt","image_shape":"default","show_secondary_image":true,"show_vendor":false,"show_rating":true,"quick_add":"standard","columns_mobile":"2","swipe_on_mobile":true,"padding_top":0,"padding_bottom":0}},"featured_collection_UYkPRQ":{"type":"featured-collection","settings":{"title":"Oral Care Essentials","greentitle":"","heading_size":"h2","description":"","show_description":false,"description_style":"body","collection":"dencrus","products_to_show":25,"columns_desktop":3,"full_width":false,"show_view_all":true,"view_all_style":"solid","enable_desktop_slider":true,"color_scheme":"","image_ratio":"adapt","image_shape":"default","show_secondary_image":true,"show_vendor":false,"show_rating":true,"quick_add":"standard","columns_mobile":"2","swipe_on_mobile":true,"padding_top":0,"padding_bottom":0}},"featured_collection_wDKhec":{"type":"featured-collection","settings":{"title":"Featured Tissue Collections","greentitle":"","heading_size":"h2","description":"","show_description":false,"description_style":"body","collection":"featured-tissue-collections","products_to_show":25,"columns_desktop":4,"full_width":false,"show_view_all":true,"view_all_style":"solid","enable_desktop_slider":true,"color_scheme":"scheme-1","image_ratio":"adapt","image_shape":"default","show_secondary_image":true,"show_vendor":false,"show_rating":true,"quick_add":"standard","columns_mobile":"2","swipe_on_mobile":true,"padding_top":0,"padding_bottom":0}},"new_collection_list_bRaUfn":{"type":"new-collection-list","blocks":{"add_slide_Xip984":{"type":"add_slide","settings":{"add_collection_image":"shopify:\/\/shop_images\/CAR_TISSUE_5_c93de2d5-8ed9-4d9c-ba02-a9e17a337d85.png","connect_the_collection":"bamboo-tissues","heading_below_image":"Bamboo Tissues","subheading_below_image":"Pure comfort, zero waste"}},"add_slide_PHTKRm":{"type":"add_slide","settings":{"add_collection_image":"shopify:\/\/shop_images\/Post_4.png","connect_the_collection":"shaveco","heading_below_image":"Shaving Care","subheading_below_image":"For an eco-friendly shave"}},"add_slide_WrEMdU":{"type":"add_slide","settings":{"add_collection_image":"shopify:\/\/shop_images\/Post_13.png","connect_the_collection":"dencrus","heading_below_image":"Oral Care","subheading_below_image":"Eco care, every day"}},"add_slide_jEAMYt":{"type":"add_slide","settings":{"connect_the_collection":"drinkware","heading_below_image":"Eco Drinkware","subheading_below_image":"Sip with purpose"}}},"block_order":["add_slide_Xip984","add_slide_PHTKRm","add_slide_WrEMdU","add_slide_jEAMYt"],"disabled":true,"settings":{"add_heading":"Top Pick Categories","add_subheading":""}},"tw_logo_text_pRgUDD":{"type":"TW-logo-text","blocks":{"logo_HUqR3x":{"type":"logo","settings":{"logo_img":"shopify:\/\/shop_images\/Website_Icon-01.png","logo_caption":"384 MT","logo_para":"Plastic Diverted"}},"logo_iJyVMM":{"type":"logo","settings":{"logo_img":"shopify:\/\/shop_images\/Website_Icon-03.png","logo_caption":"312332 MT","logo_para":"CO² Offset\/Year"}},"logo_ymYNYF":{"type":"logo","settings":{"logo_img":"shopify:\/\/shop_images\/Website_Icon-02.png","logo_caption":"1115536","logo_para":"Bamboo planted"}},"logo_qwY4VH":{"type":"logo","settings":{"logo_img":"shopify:\/\/shop_images\/Website_Icon-04.png","logo_caption":"1200+","logo_para":"Farmers & Artisans Empowered"}}},"block_order":["logo_HUqR3x","logo_iJyVMM","logo_ymYNYF","logo_qwY4VH"],"settings":{}},"featured_blog_fxWFRL":{"type":"featured-blog","disabled":true,"settings":{"heading":"Blog posts","heading_size":"h1","blog":"news","post_limit":3,"columns_desktop":3,"color_scheme":"","show_image":true,"show_date":true,"show_author":false,"show_view_all":true,"padding_top":36,"padding_bottom":36}},"amw_blog_section_qHFW7g":{"type":"amw-blog-section","settings":{"include_swiper_cdn":false,"heading":"From The Writer's Desk","heading_size":"h2","heading_alignment":"center","heading_color":"#000000","blog":"news","posts_to_show":12,"section_bg_color":"#f2f8f1","card_style":"card","card_bg_color":"#ffffff","card_border_color":"rgba(0,0,0,0)","card_title_color":"#000000","card_meta_color":"#0e593e","card_excerpt_color":"#121212","show_image":true,"image_aspect_ratio":"16\/9","show_date":true,"show_author":true,"show_tags":true,"show_excerpt":true,"excerpt_length":100,"read_more_text":"Read more","button_bg_color":"#0f2e16","button_text_color":"#ffffff","button_border_color":"#000000","button_hover_bg_color":"#ffffff","button_hover_text_color":"#121212","button_hover_border_color":"#0f2e16","button_padding_vertical":5,"button_padding_horizontal":20,"button_border_radius":4,"slides_per_view_desktop":3,"slides_per_view_tablet":2,"slides_per_view_mobile":1,"space_between_slides":15,"enable_loop":true,"show_pagination":true,"show_navigation_arrows":true,"autoplay_enable":false,"autoplay_delay":3000,"arrow_color":"#3eb60b","arrow_bg_color":"#d8d8d8","arrow_border_color":"rgba(0,0,0,0)","arrow_hover_color":"#0f2e16","arrow_hover_bg_color":"#d8d8d8","arrow_hover_border_color":"#0f2e16","arrow_size":46,"arrow_border_radius":50,"arrow_position_offset":-10,"dots_color":"#618439","dots_border_color":"#0f2e16","dots_active_color":"#0f2e16","dots_size":9,"dots_opacity":40,"dots_active_scale":130,"padding_top":0,"padding_bottom":20}},"amw_in_the_press_cxHd89":{"type":"amw-in-the-press","blocks":{"add_slide_4jTH6p":{"type":"add_slide","settings":{"add_article_image":"shopify:\/\/shop_images\/Press_TOI_496bc12a-90cb-4090-b393-2a74884029a4.png","add_article_link":"https:\/\/www.linkedin.com\/posts\/iamagnimitra_teamamwoodo-activity-7338570557845663744-LRQF"}},"add_slide_zNKfCm":{"type":"add_slide","settings":{"add_article_image":"shopify:\/\/shop_images\/Press_Primt_43fcca77-9545-4523-8842-beb105539f98.png","add_article_link":"https:\/\/theprint.in\/ani-press-releases\/dencrus-launches-a-toothbrush-upcycled-from-aluminium-beverage-cans\/856642\/"}},"add_slide_TaNnJR":{"type":"add_slide","settings":{"add_article_image":"shopify:\/\/shop_images\/Press_ET_27bf8531-9265-47b7-9c04-fde6eb5c956e.png","add_article_link":"https:\/\/economictimes.indiatimes.com\/tech\/funding\/bamboo-products-maker-amwoodo-raises-1-million-from-zerodhas-rainmatter\/articleshow\/109348526.cms?from=mdr"}},"add_slide_xtfCip":{"type":"add_slide","settings":{"add_article_image":"shopify:\/\/shop_images\/Press_YS_ee54088c-a1c8-4df2-91d8-41f25d959e94.png","add_article_link":"https:\/\/yourstory.com\/2024\/10\/sustainable-how-amwoodo-is-revitalising-bamboo-practices-in-india"}},"add_slide_3iggNM":{"type":"add_slide","settings":{"add_article_image":"shopify:\/\/shop_images\/Press_Fortune.png","add_article_link":"https:\/\/www.fortuneindia.com\/business-news\/3x-rise-in-rural-incomes-nithin-kamaths-shout-out-to-kolkata-startup-that-is-replacing-plastic-with-bamboo-alternatives\/123642"}},"add_slide_NfaKDc":{"type":"add_slide","settings":{"add_article_image":"shopify:\/\/shop_images\/Press_Inc42.png","add_article_link":"https:\/\/inc42.com\/startups\/can-amwoodos-bamboo-bet-help-india-clean-the-plastic-mess\/"}},"add_slide_aYjQze":{"type":"add_slide","settings":{"add_article_image":"shopify:\/\/shop_images\/Press_ZeeB_b3285e90-82c2-42fc-a699-cf61eedf171c.png","add_article_link":"https:\/\/www.zeebiz.com\/hindi\/small-business\/bamboo-products-maker-amwoodo-raises-around-rs-8-crore-in-funding-from-zerodha-backed-rainmatter-know-details-165707"}},"add_slide_BbU3nV":{"type":"add_slide","settings":{"add_article_image":"shopify:\/\/shop_images\/Press_IST.png","add_article_link":"https:\/\/www.indianstartuptimes.com\/interviews\/revolutionizing-sustainability-how-agni-mitras-amwoodo-is-empowering-indias-bamboo-industry-and-artisans\/#:~:text=In%20an%20exclusive%20interview%20with,innovative%20practices%20on%20sustainable%20development."}},"add_slide_Ur6U9D":{"type":"add_slide","settings":{"add_article_image":"shopify:\/\/shop_images\/Press_ETNOW.png","add_article_link":"https:\/\/www.etnownews.com\/companies\/this-nithin-kamath-backed-startup-boosted-rural-incomes-by-3x-rs-10000-to-rs-30000-business-is-for-article-151766701"}},"add_slide_EHN68K":{"type":"add_slide","settings":{"add_article_image":"shopify:\/\/shop_images\/Press_thebetterindia_855b0b27-40f1-4b0e-8391-710804c5ca1a.png","add_article_link":"https:\/\/thebetterindia.com\/web-stories\/five-indians-use-bamboo-in-innovative-ways-to-give-everyday-things-a-sustainable-twist\/"}}},"block_order":["add_slide_4jTH6p","add_slide_zNKfCm","add_slide_TaNnJR","add_slide_xtfCip","add_slide_3iggNM","add_slide_NfaKDc","add_slide_aYjQze","add_slide_BbU3nV","add_slide_Ur6U9D","add_slide_EHN68K"],"settings":{"add_heading":"Buzz Worth Talking About"}},"limited_time_popup_PFjnRM":{"type":"limited-time-popup","settings":{"enable_popup":true,"popup_product":"thermos-flask-flat-head-bottle-facial-tissue-combo-set-1","headline":"Limited Time Deal 🔥","discount_code":"","add_to_cart_text":"Claim Deal Now","show_timer":true,"timer_duration_minutes":5,"timer_label":"Offer Ends In:","use_session_storage_closure":true,"persist_timer_session":true}}},"order":["tw_banner_slider_DxkAEb","amw_image_grid_cWRK3t","budget_offers_yXwVNe","collection_list_b4bfm9","featured_collection_bmaMdP","featured_collection_Pjm3F8","custom_liquid_GeUghc","1730186788085c267f","featured_collection_M94tCF","featured_collection_UYkPRQ","featured_collection_wDKhec","new_collection_list_bRaUfn","tw_logo_text_pRgUDD","featured_blog_fxWFRL","amw_blog_section_qHFW7g","amw_in_the_press_cxHd89","limited_time_popup_PFjnRM"]}