{"sections":{"main":{"type":"main-page","disabled":true,"settings":{"padding_top":36,"padding_bottom":36}},"custom_contact_form_JYtPjb":{"type":"custom-contact-form","settings":{"heading":"Get in touch","heading_size":"h1","form_description":"We’d love to hear from you! For inquiries, feedback, or more information, please use our contact form. Alternatively, you can reach us directly using the contact details below.","bg_img":"shopify:\/\/shop_images\/Get_In_Touch.png","color_scheme":"","padding_top":36,"padding_bottom":36}}},"order":["main","custom_contact_form_JYtPjb"]}