{"sections":{"main":{"type":"main-page","disabled":true,"settings":{"padding_top":28,"padding_bottom":28}},"tw_banner_slider_PJBUYn":{"type":"tw-banner-slider","blocks":{"slide_mmhbBN":{"type":"Slide","settings":{"slideimg":"shopify:\/\/shop_images\/Desktop_Banner_Collection.png","slideimgmob":"shopify:\/\/shop_images\/Mobile_Banner_Collection.png","link":"shopify:\/\/collections\/plastic-free-products"}},"slide_Bbc8zQ":{"type":"Slide","settings":{"slideimg":"shopify:\/\/shop_images\/Artboard_3_3x_1_e8d1bd86-765b-4242-869d-f1145e9bd876.png","slideimgmob":"shopify:\/\/shop_images\/Artboard_3_3x_f64f11fc-a0ed-4e2a-b2c1-97da1cd84dca.png","link":"shopify:\/\/collections\/shaveco"}},"slide_XThReF":{"type":"Slide","settings":{"slideimg":"shopify:\/\/shop_images\/Banner_1_Desktop_Version_df5ad4de-c008-45db-9f69-8ee2629ba66b.png","slideimgmob":"shopify:\/\/shop_images\/Mobile_Banner-01_046ab1c4-c343-4f7a-a271-610da3b01fb9.png","link":"shopify:\/\/products\/bamboo-disposable-razor"}},"slide_4qp4Fa":{"type":"Slide","settings":{"slideimg":"shopify:\/\/shop_images\/Banner_3_Desktop_Verson_5311d490-939d-466d-a6ba-a2413685b050.png","slideimgmob":"shopify:\/\/shop_images\/Mobile_Banner-03_4a137ad5-4483-482d-af87-64db0b5bfc71.png","link":"shopify:\/\/products\/edge-3-razor-bamboo-handle"}}},"block_order":["slide_mmhbBN","slide_Bbc8zQ","slide_XThReF","slide_4qp4Fa"],"settings":{"check_to_auto_slides":true,"time_interval":2}},"featured_collection_R8nN3D":{"type":"featured-collection","settings":{"title":"Browse Our Products","greentitle":"","heading_size":"h1","description":"","show_description":false,"description_style":"body","collection":"shaveco","products_to_show":11,"columns_desktop":4,"full_width":false,"show_view_all":false,"view_all_style":"solid","enable_desktop_slider":true,"color_scheme":"","image_ratio":"square","image_shape":"default","show_secondary_image":true,"show_vendor":false,"show_rating":true,"quick_add":"standard","columns_mobile":"2","swipe_on_mobile":true,"padding_top":0,"padding_bottom":0}},"tw_logo_text_XKALTX":{"type":"TW-logo-text","blocks":{"logo_xcbUiz":{"type":"logo","settings":{"logo_img":"shopify:\/\/shop_images\/Website_Icon-01_74e0039e-3fbe-440c-8c3f-a6e3090cdb7e.png","logo_caption":"384 MT","logo_para":"Plastic Diverted"}},"logo_NC9mry":{"type":"logo","settings":{"logo_img":"shopify:\/\/shop_images\/Website_Icon-03.png","logo_caption":"312332 MT","logo_para":"CO² Offset\/Year"}},"logo_7KFi8B":{"type":"logo","settings":{"logo_img":"shopify:\/\/shop_images\/Website_Icon-02.png","logo_caption":"1115536","logo_para":"Bamboo trees planted"}},"logo_WPEe9c":{"type":"logo","settings":{"logo_img":"shopify:\/\/shop_images\/Website_Icon-04.png","logo_caption":"1200+","logo_para":"Farmers & Artisans"}}},"block_order":["logo_xcbUiz","logo_NC9mry","logo_7KFi8B","logo_WPEe9c"],"settings":{}},"tw_collection_list_QyRgcF":{"type":"TW-collection-list","blocks":{"collection_ra7qF9":{"type":"collection","settings":{"title":"Shaveco Edge 3 Razor","sub_title":"","button_url":"shopify:\/\/products\/edge-3-razor-bamboo-handle","image":"shopify:\/\/shop_images\/2_09494032-b581-48f3-be00-7c2a85307715.png"}},"collection_CxkQ8p":{"type":"collection","settings":{"title":"Shaveco Bamboo Husk Razor","sub_title":"","button_url":"shopify:\/\/products\/bamboo-disposable-razor","image":"shopify:\/\/shop_images\/1_fcc1b803-6583-4a67-8bb4-970b9a37c7b2.png"}},"collection_RBLdLV":{"type":"collection","disabled":true,"settings":{"title":"Shaveco Shaving Gel","sub_title":"","button_url":"shopify:\/\/products\/natural-shaving-gel-with-aloe-vera-lemongrass","image":"shopify:\/\/shop_images\/3_f0925f65-53b6-4c32-a9c4-f871c256cf91.png"}}},"block_order":["collection_ra7qF9","collection_CxkQ8p","collection_RBLdLV"],"settings":{"heading":"Bestseller Products"}},"amw_in_the_press_cVtKyz":{"type":"amw-in-the-press","blocks":{"add_slide_7nGMgY":{"type":"add_slide","settings":{"add_article_image":"shopify:\/\/shop_images\/Press_TOI_b77a10dc-b746-4410-a47a-f15c8bde34c7.png","add_article_link":"https:\/\/www.linkedin.com\/posts\/iamagnimitra_teamamwoodo-activity-7338570557845663744-LRQF?utm_source=share&utm_medium=member_desktop&rcm=ACoAAC_Wdo0BqpNMveKGhcKoxQ4zBjZx-gds_2c"}},"add_slide_9BFpBn":{"type":"add_slide","settings":{"add_article_image":"shopify:\/\/shop_images\/Press_Primt_43fcca77-9545-4523-8842-beb105539f98.png","add_article_link":"https:\/\/theprint.in\/ani-press-releases\/dencrus-launches-a-toothbrush-upcycled-from-aluminium-beverage-cans\/856642\/"}},"add_slide_DCQtqT":{"type":"add_slide","settings":{"add_article_image":"shopify:\/\/shop_images\/Press_ET_27bf8531-9265-47b7-9c04-fde6eb5c956e.png","add_article_link":"https:\/\/economictimes.indiatimes.com\/tech\/funding\/bamboo-products-maker-amwoodo-raises-1-million-from-zerodhas-rainmatter\/articleshow\/109348526.cms?from=mdr"}},"add_slide_rGaLtk":{"type":"add_slide","settings":{"add_article_image":"shopify:\/\/shop_images\/Press_YS_ee54088c-a1c8-4df2-91d8-41f25d959e94.png","add_article_link":"https:\/\/yourstory.com\/2024\/10\/sustainable-how-amwoodo-is-revitalising-bamboo-practices-in-india"}},"add_slide_BmEVht":{"type":"add_slide","settings":{"add_article_image":"shopify:\/\/shop_images\/Press_Fortune.png","add_article_link":"https:\/\/www.fortuneindia.com\/business-news\/3x-rise-in-rural-incomes-nithin-kamaths-shout-out-to-kolkata-startup-that-is-replacing-plastic-with-bamboo-alternatives\/123642"}},"add_slide_YaWUta":{"type":"add_slide","settings":{"add_article_image":"shopify:\/\/shop_images\/Press_Inc42.png","add_article_link":"https:\/\/inc42.com\/startups\/can-amwoodos-bamboo-bet-help-india-clean-the-plastic-mess\/"}},"add_slide_PMFAiT":{"type":"add_slide","settings":{"add_article_image":"shopify:\/\/shop_images\/Press_ZeeB_b3285e90-82c2-42fc-a699-cf61eedf171c.png","add_article_link":"https:\/\/www.zeebiz.com\/hindi\/small-business\/bamboo-products-maker-amwoodo-raises-around-rs-8-crore-in-funding-from-zerodha-backed-rainmatter-know-details-165707"}},"add_slide_h6P73g":{"type":"add_slide","settings":{"add_article_image":"shopify:\/\/shop_images\/Press_ETNOW.png","add_article_link":"https:\/\/www.etnownews.com\/companies\/this-nithin-kamath-backed-startup-boosted-rural-incomes-by-3x-rs-10000-to-rs-30000-business-is-for-article-151766701"}},"add_slide_rj4pQV":{"type":"add_slide","settings":{"add_article_image":"shopify:\/\/shop_images\/Press_MC.png","add_article_link":"https:\/\/www.moneycontrol.com\/news\/trends\/nithin-kamath-says-business-with-kolkata-green-startup-boosted-profits-rural-income-need-more-13082783.html"}},"add_slide_PRQ8Tb":{"type":"add_slide","settings":{"add_article_image":"shopify:\/\/shop_images\/Press_IST.png","add_article_link":"https:\/\/www.indianstartuptimes.com\/interviews\/revolutionizing-sustainability-how-agni-mitras-amwoodo-is-empowering-indias-bamboo-industry-and-artisans\/#:~:text=In%20an%20exclusive%20interview%20with,innovative%20practices%20on%20sustainable%20development."}},"add_slide_kWF4Xz":{"type":"add_slide","settings":{"add_article_image":"shopify:\/\/shop_images\/Press_thebetterindia_855b0b27-40f1-4b0e-8391-710804c5ca1a.png","add_article_link":"https:\/\/thebetterindia.com\/web-stories\/five-indians-use-bamboo-in-innovative-ways-to-give-everyday-things-a-sustainable-twist\/"}}},"block_order":["add_slide_7nGMgY","add_slide_9BFpBn","add_slide_DCQtqT","add_slide_rGaLtk","add_slide_BmEVht","add_slide_YaWUta","add_slide_PMFAiT","add_slide_h6P73g","add_slide_rj4pQV","add_slide_PRQ8Tb","add_slide_kWF4Xz"],"settings":{"add_heading":"In the news"}}},"order":["main","tw_banner_slider_PJBUYn","featured_collection_R8nN3D","tw_logo_text_XKALTX","tw_collection_list_QyRgcF","amw_in_the_press_cVtKyz"]}