{"sections":{"main":{"type":"main-page","disabled":true,"settings":{"padding_top":28,"padding_bottom":28}},"amw_collection_banner_qrmWmJ":{"type":"amw_collection_banner","name":"Collection Banner New","settings":{"add_desktop_image":"shopify:\/\/shop_images\/summer-10_ce572294-7955-46cd-b63a-32eae08629c8.png","add_mobile_image":"shopify:\/\/shop_images\/summer-10_ce572294-7955-46cd-b63a-32eae08629c8.png"}},"amw_feartured_collection_cceDQn":{"type":"amw-feartured-collection","name":"AMW-Featured Collection","settings":{"title":"","collection":"summer-special-value-pack","desktop_banner_image":"shopify:\/\/shop_images\/summer-04_c97d3acf-eac7-47dc-b7d9-e67c066204df.png","image_url_banner":"shopify:\/\/collections\/all","mobile_banner_image":"shopify:\/\/shop_images\/summer-01_1.png","products_to_show":20,"desktop_slides_per_view":4,"mobile_slides_per_view":2,"background_color":"rgba(0,0,0,0)","text_color":"#000000","sale_color":"#5c8c25","scrollbar_track_color":"#dbdbdb","scrollbar_thumb_color":"#618439","arrow_color":"#bc6c25","arrow_bg_color":"#618439","arrow_bg_hover_color":"#986835"}},"amw_feartured_collection_em7MBQ":{"type":"amw-feartured-collection","name":"AMW-Featured Collection","settings":{"title":"","collection":"flat-60-off","desktop_banner_image":"shopify:\/\/shop_images\/summer-03_4649e230-120e-46f6-84cf-a55728aa9995.png","image_url_banner":"shopify:\/\/collections\/all","mobile_banner_image":"shopify:\/\/shop_images\/summer-06_605c08b7-bac4-402d-9ed3-f63e30a5badd.png","products_to_show":20,"desktop_slides_per_view":4,"mobile_slides_per_view":2,"background_color":"rgba(0,0,0,0)","text_color":"#000000","sale_color":"#5c8c25","scrollbar_track_color":"#dbdbdb","scrollbar_thumb_color":"#618439","arrow_color":"#bc6c25","arrow_bg_color":"#618439","arrow_bg_hover_color":"#986835"}},"amw_feartured_collection_VACUBa":{"type":"amw-feartured-collection","name":"AMW-Featured Collection","settings":{"title":"","collection":"summer-special-99","desktop_banner_image":"shopify:\/\/shop_images\/summer-05_a0d33ccb-e606-42e7-9dc5-9fc3604d4b74.png","image_url_banner":"shopify:\/\/collections\/all","mobile_banner_image":"shopify:\/\/shop_images\/summer-05_25ef6862-c442-4bae-b9b8-8d36d2cb898b.png","products_to_show":20,"desktop_slides_per_view":4,"mobile_slides_per_view":2,"background_color":"rgba(0,0,0,0)","text_color":"#000000","sale_color":"#5c8c25","scrollbar_track_color":"#dbdbdb","scrollbar_thumb_color":"#618439","arrow_color":"#bc6c25","arrow_bg_color":"#618439","arrow_bg_hover_color":"#986835"}},"amw_collection_banner_4PPAiY":{"type":"amw_collection_banner","name":"Collection Banner New","settings":{"add_desktop_image":"shopify:\/\/shop_images\/website_footer.png"}}},"order":["main","amw_collection_banner_qrmWmJ","amw_feartured_collection_cceDQn","amw_feartured_collection_em7MBQ","amw_feartured_collection_VACUBa","amw_collection_banner_4PPAiY"]}