{"sections":{"17254491608c07aa21":{"type":"apps","custom_css":[],"settings":{"include_margins":true}},"tw_banner_slider_DxkAEb":{"type":"tw-banner-slider","blocks":{"slide_RdiCnT":{"type":"Slide","settings":{"slideimg":"shopify:\/\/shop_images\/Desktop_Banner_Collection.png","slideimgmob":"shopify:\/\/shop_images\/Mobile_Banner_Collection.png","link":"shopify:\/\/collections\/plastic-free-products"}},"slide_98B7JK":{"type":"Slide","settings":{"slideimg":"shopify:\/\/shop_images\/desktop_banner3.png","slideimgmob":"shopify:\/\/shop_images\/Artboard_1_3x_0beb5665-787c-4a7a-9b46-c87196226284.png","link":"shopify:\/\/collections\/im-eco"}},"slide_J9LcpB":{"type":"Slide","settings":{"slideimg":"shopify:\/\/shop_images\/Artboard_1_3x_55540acf-67f1-49f3-b2b3-0a8a7271c9a1.png","slideimgmob":"shopify:\/\/shop_images\/Artboard_4_3x_a607f384-410c-4619-8fab-66fc02e90f4e.png","link":"shopify:\/\/products\/bamboo-paddle-brush"}},"slide_LkTkxq":{"type":"Slide","settings":{"slideimg":"shopify:\/\/shop_images\/Artboard_2_3x_1_cbac3b37-302a-4f9d-bfbe-43b0992741f5.png","slideimgmob":"shopify:\/\/shop_images\/Artboard_2_3x_46b031c6-0ea5-458c-8467-55682182cc47.png","link":"shopify:\/\/collections\/dencrus"}},"slide_z8iQcd":{"type":"Slide","settings":{"slideimg":"shopify:\/\/shop_images\/Artboard_3_3x_1_e8d1bd86-765b-4242-869d-f1145e9bd876.png","slideimgmob":"shopify:\/\/shop_images\/Artboard_3_3x_f64f11fc-a0ed-4e2a-b2c1-97da1cd84dca.png","link":"shopify:\/\/collections\/shaveco"}}},"block_order":["slide_RdiCnT","slide_98B7JK","slide_J9LcpB","slide_LkTkxq","slide_z8iQcd"],"settings":{"check_to_auto_slides":true,"time_interval":2}},"home_banner_9QQMRE":{"type":"homeBanner","disabled":true,"settings":{"deskImage":"shopify:\/\/shop_images\/Rectangle_49.png"}},"featured_collection":{"type":"featured-collection","disabled":true,"settings":{"title":"Browse Our Products","greentitle":"","heading_size":"h2","description":"","show_description":false,"description_style":"body","collection":"im-eco","products_to_show":11,"columns_desktop":4,"full_width":false,"show_view_all":false,"view_all_style":"solid","enable_desktop_slider":true,"color_scheme":"scheme-1","image_ratio":"adapt","image_shape":"default","show_secondary_image":true,"show_vendor":false,"show_rating":true,"quick_add":"standard","columns_mobile":"2","swipe_on_mobile":true,"padding_top":4,"padding_bottom":0}},"featured_collection_with_variant_cards_BdhU9K":{"type":"featured-collection-with-variant-cards","settings":{"title":"Browse Our Products","greentitle":"","heading_size":"h1","description":"","show_description":false,"description_style":"body","collection":"im-eco","products_to_show":25,"columns_desktop":4,"full_width":false,"show_view_all":false,"view_all_style":"outline","enable_desktop_slider":false,"color_scheme":"","image_ratio":"adapt","image_shape":"default","show_secondary_image":false,"show_vendor":false,"show_rating":false,"quick_add":"standard","columns_mobile":"2","swipe_on_mobile":false,"padding_top":0,"padding_bottom":36}},"certification_section_HK6NxR":{"type":"certification-section","blocks":{"add_slide_x4NEVm":{"type":"add_slide","settings":{"upload_your_image_here":"shopify:\/\/shop_images\/Vegan.png"}},"add_slide_dLCWtt":{"type":"add_slide","settings":{"upload_your_image_here":"shopify:\/\/shop_images\/BSCI.png"}},"add_slide_BNARLF":{"type":"add_slide","settings":{"upload_your_image_here":"shopify:\/\/shop_images\/Cruelty_Free.png"}},"add_slide_YMiF3C":{"type":"add_slide","settings":{"upload_your_image_here":"shopify:\/\/shop_images\/FSC.png"}},"add_slide_8888GB":{"type":"add_slide","settings":{"upload_your_image_here":"shopify:\/\/shop_images\/ISO.png"}},"add_slide_eH8b8i":{"type":"add_slide","settings":{"upload_your_image_here":"shopify:\/\/shop_images\/GMP_Certified.png"}}},"block_order":["add_slide_x4NEVm","add_slide_dLCWtt","add_slide_BNARLF","add_slide_YMiF3C","add_slide_8888GB","add_slide_eH8b8i"],"disabled":true,"settings":{}},"featured_collection_EGVGBg":{"type":"featured-collection","disabled":true,"settings":{"title":"Browse Our Products","greentitle":"","heading_size":"h2","description":"","show_description":false,"description_style":"body","collection":"im-eco","products_to_show":11,"columns_desktop":4,"full_width":true,"show_view_all":false,"view_all_style":"solid","enable_desktop_slider":true,"color_scheme":"scheme-1","image_ratio":"square","image_shape":"default","show_secondary_image":true,"show_vendor":false,"show_rating":true,"quick_add":"standard","columns_mobile":"2","swipe_on_mobile":true,"padding_top":44,"padding_bottom":36}},"1725449528c95635a5":{"type":"apps","settings":{"include_margins":true}},"tw_collection_list_rgNfpU":{"type":"TW-collection-list","blocks":{"collection_xqydAN":{"type":"collection","settings":{"title":"Printed Bamboo Bottles","sub_title":"","button_url":"shopify:\/\/products\/bamboo-printed-bottle","image":"shopify:\/\/shop_images\/Printed_Bottles.png"}},"collection_irEawj":{"type":"collection","disabled":true,"settings":{"title":"Premium Stainless Steel Bottles","sub_title":"","button_url":"shopify:\/\/collections\/newly-launched-products","image":"shopify:\/\/shop_images\/1_31fc2112-2579-403d-9dba-b97ef54c582f.jpg"}},"collection_jqJcGJ":{"type":"collection","settings":{"title":"Reusable Bamboo Towels","sub_title":"","button_url":"shopify:\/\/products\/reusable-bamboo-towels","image":"shopify:\/\/shop_images\/Bamboo_Reusable_Towel.png"}},"collection_83hV79":{"type":"collection","settings":{"title":"Bamboo Car Tissues","sub_title":"","button_url":"shopify:\/\/products\/bamboo-car-tissues","image":"shopify:\/\/shop_images\/Bamboo_Car_Tissues.png"}}},"block_order":["collection_xqydAN","collection_irEawj","collection_jqJcGJ","collection_83hV79"],"settings":{"heading":"Bestseller Products"}},"tw_logo_text_R47iew":{"type":"TW-logo-text","blocks":{"logo_prG3fP":{"type":"logo","settings":{"logo_img":"shopify:\/\/shop_images\/Website_Icon-01_74e0039e-3fbe-440c-8c3f-a6e3090cdb7e.png","logo_caption":"384 MT","logo_para":"Plastic Diverted"}},"logo_GABrYT":{"type":"logo","settings":{"logo_img":"shopify:\/\/shop_images\/Website_Icon-03.png","logo_caption":"312332 MT","logo_para":"CO² Offset\/Year"}},"logo_bAUxeG":{"type":"logo","settings":{"logo_img":"shopify:\/\/shop_images\/Website_Icon-02.png","logo_caption":"1115536","logo_para":"Bamboo trees planted"}},"logo_V3iYCR":{"type":"logo","settings":{"logo_img":"shopify:\/\/shop_images\/Website_Icon-04.png","logo_caption":"1200+","logo_para":"Farmers & Artisans"}}},"block_order":["logo_prG3fP","logo_GABrYT","logo_bAUxeG","logo_V3iYCR"],"settings":{}},"new_video_section_eTRfJ4":{"type":"new-video-section","settings":{"video_url":"https:\/\/cdn.shopify.com\/videos\/c\/o\/v\/770b859e78394469bcad090746cfb227.mov","mobile_video_url":"https:\/\/cdn.shopify.com\/videos\/c\/o\/v\/770b859e78394469bcad090746cfb227.mov","mobile_video_height":35,"heading":"","video_heading_color":"#000000","heading_font_size":36,"heading_font_weight":600,"content_text":"","video_text_color":"#000000","text_font_size":18,"text_font_weight":600,"link_text":"","link_url":"","button_bg_color":"#000000","button_border_color":"#000000","button_text_color":"#ffffff","button_radius":0,"button_bg_color_hover":"#ffffff","button_border_color_hover":"#ffffff","button_text_color_hover":"#000000","blur":0,"opacity":1}},"amw_in_the_press_br9NH7":{"type":"amw-in-the-press","blocks":{"add_slide_7x6LFK":{"type":"add_slide","settings":{"add_article_image":"shopify:\/\/shop_images\/Press_TOI_b77a10dc-b746-4410-a47a-f15c8bde34c7.png","add_article_link":"https:\/\/www.linkedin.com\/posts\/iamagnimitra_teamamwoodo-activity-7338570557845663744-LRQF"}},"add_slide_izcHYE":{"type":"add_slide","settings":{"add_article_image":"shopify:\/\/shop_images\/Press_Primt_43fcca77-9545-4523-8842-beb105539f98.png","add_article_link":"https:\/\/theprint.in\/ani-press-releases\/dencrus-launches-a-toothbrush-upcycled-from-aluminium-beverage-cans\/856642\/"}},"add_slide_r9GFEb":{"type":"add_slide","settings":{"add_article_image":"shopify:\/\/shop_images\/Press_ET_27bf8531-9265-47b7-9c04-fde6eb5c956e.png","add_article_link":"https:\/\/economictimes.indiatimes.com\/tech\/funding\/bamboo-products-maker-amwoodo-raises-1-million-from-zerodhas-rainmatter\/articleshow\/109348526.cms?from=mdr"}},"add_slide_VdeYaD":{"type":"add_slide","settings":{"add_article_image":"shopify:\/\/shop_images\/Press_YS_ee54088c-a1c8-4df2-91d8-41f25d959e94.png","add_article_link":"https:\/\/yourstory.com\/2024\/10\/sustainable-how-amwoodo-is-revitalising-bamboo-practices-in-india"}},"add_slide_eAqktK":{"type":"add_slide","settings":{"add_article_image":"shopify:\/\/shop_images\/Press_Fortune.png","add_article_link":"https:\/\/www.fortuneindia.com\/business-news\/3x-rise-in-rural-incomes-nithin-kamaths-shout-out-to-kolkata-startup-that-is-replacing-plastic-with-bamboo-alternatives\/123642"}},"add_slide_jyJbEb":{"type":"add_slide","settings":{"add_article_image":"shopify:\/\/shop_images\/Press_Inc42.png","add_article_link":"https:\/\/inc42.com\/startups\/can-amwoodos-bamboo-bet-help-india-clean-the-plastic-mess\/"}},"add_slide_qqJApi":{"type":"add_slide","settings":{"add_article_image":"shopify:\/\/shop_images\/Press_ZeeB_b3285e90-82c2-42fc-a699-cf61eedf171c.png","add_article_link":"https:\/\/www.zeebiz.com\/hindi\/small-business\/bamboo-products-maker-amwoodo-raises-around-rs-8-crore-in-funding-from-zerodha-backed-rainmatter-know-details-165707"}},"add_slide_GD3hmy":{"type":"add_slide","settings":{"add_article_image":"shopify:\/\/shop_images\/Press_ETNOW.png","add_article_link":"https:\/\/www.etnownews.com\/companies\/this-nithin-kamath-backed-startup-boosted-rural-incomes-by-3x-rs-10000-to-rs-30000-business-is-for-article-151766701"}},"add_slide_jFWxnw":{"type":"add_slide","settings":{"add_article_image":"shopify:\/\/shop_images\/Press_MC.png","add_article_link":"https:\/\/www.moneycontrol.com\/news\/trends\/nithin-kamath-says-business-with-kolkata-green-startup-boosted-profits-rural-income-need-more-13082783.html"}},"add_slide_yHrTyr":{"type":"add_slide","settings":{"add_article_image":"shopify:\/\/shop_images\/Press_IST.png","add_article_link":"https:\/\/www.indianstartuptimes.com\/interviews\/revolutionizing-sustainability-how-agni-mitras-amwoodo-is-empowering-indias-bamboo-industry-and-artisans\/#:~:text=In%20an%20exclusive%20interview%20with,innovative%20practices%20on%20sustainable%20development."}},"add_slide_TXmQTm":{"type":"add_slide","settings":{"add_article_image":"shopify:\/\/shop_images\/Press_thebetterindia_855b0b27-40f1-4b0e-8391-710804c5ca1a.png","add_article_link":"https:\/\/thebetterindia.com\/312719\/engineer-builds-bamboo-alternative-to-plastic-brand-earns-crore-amwoodo-agni-mitra\/"}}},"block_order":["add_slide_7x6LFK","add_slide_izcHYE","add_slide_r9GFEb","add_slide_VdeYaD","add_slide_eAqktK","add_slide_jyJbEb","add_slide_qqJApi","add_slide_GD3hmy","add_slide_jFWxnw","add_slide_yHrTyr","add_slide_TXmQTm"],"settings":{"add_heading":"Featured Mentions"}}},"order":["17254491608c07aa21","tw_banner_slider_DxkAEb","home_banner_9QQMRE","featured_collection","featured_collection_with_variant_cards_BdhU9K","certification_section_HK6NxR","featured_collection_EGVGBg","1725449528c95635a5","tw_collection_list_rgNfpU","tw_logo_text_R47iew","new_video_section_eTRfJ4","amw_in_the_press_br9NH7"]}