{"sections":{"main":{"type":"main-page","disabled":true,"settings":{"padding_top":28,"padding_bottom":28}},"1725453862d1423d05":{"type":"apps","settings":{"include_margins":true}},"tw_banner_slider_CzF63Y":{"type":"tw-banner-slider","blocks":{"slide_J39tNF":{"type":"Slide","settings":{"slideimg":"shopify:\/\/shop_images\/Desktop_Banner_Collection.png","slideimgmob":"shopify:\/\/shop_images\/Mobile_Banner_Collection.png","link":"shopify:\/\/collections\/plastic-free-products"}},"slide_DREctN":{"type":"Slide","settings":{"slideimg":"shopify:\/\/shop_images\/Artboard_2_3x_1_cbac3b37-302a-4f9d-bfbe-43b0992741f5.png","slideimgmob":"shopify:\/\/shop_images\/Artboard_2_3x_46b031c6-0ea5-458c-8467-55682182cc47.png","link":"shopify:\/\/collections\/dencrus"}},"slide_HYJHyV":{"type":"Slide","settings":{"slideimg":"shopify:\/\/shop_images\/Banner_1_Desktop_Version_2dbd394d-a05f-4ce9-8958-6cfd94a3f995.png","slideimgmob":"shopify:\/\/shop_images\/Mobile_Banner-01_de30706b-e96f-4499-83e7-0cf611a43270.png","link":"shopify:\/\/products\/orby-plus-toothbrush-red"}},"slide_axE8Ke":{"type":"Slide","settings":{"slideimg":"shopify:\/\/shop_images\/Banner_2_Desktop_Version_ae5d8ff4-0f1b-4db6-8086-f2703db4fad3.png","slideimgmob":"shopify:\/\/shop_images\/Mobile_Banner-02_15a7d991-e5ad-48c9-ae2d-c182b8eb013e.png","link":"shopify:\/\/products\/octa-clean-toothbrush"}},"slide_Gghhyr":{"type":"Slide","settings":{"slideimg":"shopify:\/\/shop_images\/Banner_3_Desktop_Version_0f04759b-cc39-4c5d-a86e-299537eb31cf.png","slideimgmob":"shopify:\/\/shop_images\/Mobile_Banner-03_fbd200b3-21a8-4e6d-b808-a825a3a842e1.png","link":"shopify:\/\/products\/orby-kids-toothbrush-rainbow"}},"slide_AzaaMH":{"type":"Slide","settings":{"slideimg":"shopify:\/\/shop_images\/Banner_4_Desktop_Version_c170e8b9-3ab9-4faf-a089-9dfbfff117f9.png","slideimgmob":"shopify:\/\/shop_images\/Mobile_Banner-04_95b0492c-babc-4a63-bcc9-7ed61f20e234.png","link":"shopify:\/\/products\/nano-toothbrush"}},"slide_CU8xBC":{"type":"Slide","settings":{"slideimg":"shopify:\/\/shop_images\/Banner_5_Desktop_Version_9b668df2-f875-481e-990b-b89b21ee2958.png","slideimgmob":"shopify:\/\/shop_images\/Mobile_Banner-05_e0dd3a98-28f3-4fe2-852e-cd57d74c003d.png","link":"shopify:\/\/products\/dencrus-tooth-tablets"}}},"block_order":["slide_J39tNF","slide_DREctN","slide_HYJHyV","slide_axE8Ke","slide_Gghhyr","slide_AzaaMH","slide_CU8xBC"],"settings":{"check_to_auto_slides":true,"time_interval":2}},"featured_collection_with_variant_cards_RjgDCJ":{"type":"featured-collection-with-variant-cards","settings":{"title":"Best-Selling Toothbrush","greentitle":"","heading_size":"h1","description":"","show_description":false,"description_style":"body","collection":"best-in-bamboo-toothbrush","products_to_show":25,"columns_desktop":4,"full_width":false,"show_view_all":true,"view_all_style":"solid","enable_desktop_slider":false,"color_scheme":"","image_ratio":"adapt","image_shape":"default","show_secondary_image":false,"show_vendor":false,"show_rating":true,"quick_add":"standard","columns_mobile":"2","swipe_on_mobile":true,"padding_top":36,"padding_bottom":36}},"featured_collection_with_variant_cards_ihWg8a":{"type":"featured-collection-with-variant-cards","settings":{"title":"Top Choice in Adult Toothbrushes","greentitle":"","heading_size":"h1","description":"","show_description":false,"description_style":"body","collection":"top-choice-in-adult-toothbrushes","products_to_show":25,"columns_desktop":4,"full_width":false,"show_view_all":true,"view_all_style":"solid","enable_desktop_slider":false,"color_scheme":"","image_ratio":"adapt","image_shape":"default","show_secondary_image":false,"show_vendor":false,"show_rating":true,"quick_add":"standard","columns_mobile":"2","swipe_on_mobile":false,"padding_top":36,"padding_bottom":36}},"featured_collection_with_variant_cards_EphtYV":{"type":"featured-collection-with-variant-cards","settings":{"title":"Kid’s Favorite Toothbrush","greentitle":"","heading_size":"h1","description":"","show_description":false,"description_style":"body","collection":"best-in-kids-toothbrush","products_to_show":25,"columns_desktop":4,"full_width":false,"show_view_all":true,"view_all_style":"solid","enable_desktop_slider":false,"color_scheme":"","image_ratio":"adapt","image_shape":"default","show_secondary_image":false,"show_vendor":false,"show_rating":true,"quick_add":"standard","columns_mobile":"2","swipe_on_mobile":false,"padding_top":36,"padding_bottom":36}},"featured_collection_with_variant_cards_MakMhW":{"type":"featured-collection-with-variant-cards","settings":{"title":"Natural Toothpaste & Tablets","greentitle":"","heading_size":"h1","description":"","show_description":false,"description_style":"body","collection":"green-your-routine-eco-toothpaste-and-tablets","products_to_show":25,"columns_desktop":4,"full_width":false,"show_view_all":true,"view_all_style":"solid","enable_desktop_slider":false,"color_scheme":"","image_ratio":"adapt","image_shape":"default","show_secondary_image":false,"show_vendor":false,"show_rating":true,"quick_add":"standard","columns_mobile":"2","swipe_on_mobile":false,"padding_top":36,"padding_bottom":36}},"tw_logo_text_XXrptb":{"type":"TW-logo-text","blocks":{"logo_HUqR3x":{"type":"logo","settings":{"logo_img":"shopify:\/\/shop_images\/Website_Icon-01_74e0039e-3fbe-440c-8c3f-a6e3090cdb7e.png","logo_caption":"384 MT","logo_para":"Plastic Diverted"}},"logo_iJyVMM":{"type":"logo","settings":{"logo_img":"shopify:\/\/shop_images\/Website_Icon-03.png","logo_caption":"312332 MT","logo_para":"CO² Offset\/Year"}},"logo_ymYNYF":{"type":"logo","settings":{"logo_img":"shopify:\/\/shop_images\/Website_Icon-02.png","logo_caption":"1115536","logo_para":"Bamboo trees planted"}},"logo_qwY4VH":{"type":"logo","settings":{"logo_img":"shopify:\/\/shop_images\/Website_Icon-04.png","logo_caption":"1200+","logo_para":"Farmers & Artisans"}}},"block_order":["logo_HUqR3x","logo_iJyVMM","logo_ymYNYF","logo_qwY4VH"],"settings":{}},"tw_collection_list_rMT4tx":{"type":"TW-collection-list","blocks":{"collection_gKAcj8":{"type":"collection","settings":{"title":"Dencrus ORBY PLUS Toothbrush","sub_title":"","button_url":"shopify:\/\/products\/orby-plus-toothbrush-red","image":"shopify:\/\/shop_images\/1_289e2f41-0b7f-4cae-a8da-b2571b4d2232.png"}},"collection_eLDbRH":{"type":"collection","settings":{"title":"Dencrus ORBY KIDS Toothbrush","sub_title":"","button_url":"shopify:\/\/products\/orby-kids-toothbrush-rainbow","image":"shopify:\/\/shop_images\/2_36423b43-fa1b-43b5-bfaa-b7666defda2a.png"}},"collection_fCHiBF":{"type":"collection","settings":{"title":"Dencrus Tooth Tablets","sub_title":"","button_url":"shopify:\/\/products\/dencrus-tooth-tablets","image":"shopify:\/\/shop_images\/3_a052c8bf-4515-414a-ac12-080ec54f9ba5.png"}}},"block_order":["collection_gKAcj8","collection_eLDbRH","collection_fCHiBF"],"settings":{"heading":"Bestseller Products"}},"1734331248b8ccd924":{"type":"apps","settings":{"include_margins":true}},"amw_in_the_press_pawkRN":{"type":"amw-in-the-press","blocks":{"add_slide_At7V8i":{"type":"add_slide","settings":{"add_article_image":"shopify:\/\/shop_images\/Press_TOI_b77a10dc-b746-4410-a47a-f15c8bde34c7.png","add_article_link":"https:\/\/www.linkedin.com\/posts\/iamagnimitra_teamamwoodo-activity-7338570557845663744-LRQF?utm_source=share&utm_medium=member_desktop&rcm=ACoAAC_Wdo0BqpNMveKGhcKoxQ4zBjZx-gds_2c"}},"add_slide_7DAqTC":{"type":"add_slide","settings":{"add_article_image":"shopify:\/\/shop_images\/Press_Primt_43fcca77-9545-4523-8842-beb105539f98.png","add_article_link":"https:\/\/theprint.in\/ani-press-releases\/dencrus-launches-a-toothbrush-upcycled-from-aluminium-beverage-cans\/856642\/"}},"add_slide_gAMxi3":{"type":"add_slide","settings":{"add_article_image":"shopify:\/\/shop_images\/Press_ET_27bf8531-9265-47b7-9c04-fde6eb5c956e.png","add_article_link":"https:\/\/economictimes.indiatimes.com\/tech\/funding\/bamboo-products-maker-amwoodo-raises-1-million-from-zerodhas-rainmatter\/articleshow\/109348526.cms?from=mdr"}},"add_slide_bdQXhL":{"type":"add_slide","settings":{"add_article_image":"shopify:\/\/shop_images\/Press_YS_ee54088c-a1c8-4df2-91d8-41f25d959e94.png","add_article_link":"https:\/\/yourstory.com\/2024\/10\/sustainable-how-amwoodo-is-revitalising-bamboo-practices-in-india"}},"add_slide_NXg9yE":{"type":"add_slide","settings":{"add_article_image":"shopify:\/\/shop_images\/Press_Fortune.png","add_article_link":"https:\/\/www.fortuneindia.com\/business-news\/3x-rise-in-rural-incomes-nithin-kamaths-shout-out-to-kolkata-startup-that-is-replacing-plastic-with-bamboo-alternatives\/123642"}},"add_slide_kbaz9n":{"type":"add_slide","settings":{"add_article_image":"shopify:\/\/shop_images\/Press_Inc42.png","add_article_link":"https:\/\/inc42.com\/startups\/can-amwoodos-bamboo-bet-help-india-clean-the-plastic-mess\/"}},"add_slide_iUewVf":{"type":"add_slide","settings":{"add_article_image":"shopify:\/\/shop_images\/Press_ZeeB_b3285e90-82c2-42fc-a699-cf61eedf171c.png","add_article_link":"https:\/\/www.zeebiz.com\/hindi\/small-business\/bamboo-products-maker-amwoodo-raises-around-rs-8-crore-in-funding-from-zerodha-backed-rainmatter-know-details-165707"}},"add_slide_r6fNTV":{"type":"add_slide","settings":{"add_article_image":"shopify:\/\/shop_images\/Press_ETNOW.png","add_article_link":"https:\/\/www.etnownews.com\/companies\/this-nithin-kamath-backed-startup-boosted-rural-incomes-by-3x-rs-10000-to-rs-30000-business-is-for-article-151766701"}},"add_slide_nqbmKA":{"type":"add_slide","settings":{"add_article_image":"shopify:\/\/shop_images\/Press_MC.png","add_article_link":"https:\/\/www.moneycontrol.com\/news\/trends\/nithin-kamath-says-business-with-kolkata-green-startup-boosted-profits-rural-income-need-more-13082783.html"}},"add_slide_raJjyR":{"type":"add_slide","settings":{"add_article_image":"shopify:\/\/shop_images\/Press_IST.png","add_article_link":"https:\/\/www.indianstartuptimes.com\/interviews\/revolutionizing-sustainability-how-agni-mitras-amwoodo-is-empowering-indias-bamboo-industry-and-artisans\/#:~:text=In%20an%20exclusive%20interview%20with,innovative%20practices%20on%20sustainable%20development."}},"add_slide_AwgUbc":{"type":"add_slide","settings":{"add_article_image":"shopify:\/\/shop_images\/Press_thebetterindia_855b0b27-40f1-4b0e-8391-710804c5ca1a.png","add_article_link":"https:\/\/thebetterindia.com\/web-stories\/five-indians-use-bamboo-in-innovative-ways-to-give-everyday-things-a-sustainable-twist\/"}}},"block_order":["add_slide_At7V8i","add_slide_7DAqTC","add_slide_gAMxi3","add_slide_bdQXhL","add_slide_NXg9yE","add_slide_kbaz9n","add_slide_iUewVf","add_slide_r6fNTV","add_slide_nqbmKA","add_slide_raJjyR","add_slide_AwgUbc"],"settings":{"add_heading":"Featured Mentions"}}},"order":["main","1725453862d1423d05","tw_banner_slider_CzF63Y","featured_collection_with_variant_cards_RjgDCJ","featured_collection_with_variant_cards_ihWg8a","featured_collection_with_variant_cards_EphtYV","featured_collection_with_variant_cards_MakMhW","tw_logo_text_XXrptb","tw_collection_list_rMT4tx","1734331248b8ccd924","amw_in_the_press_pawkRN"]}