{"sections":{"main":{"type":"main-page","disabled":true,"settings":{"padding_top":28,"padding_bottom":28}},"image_banner_wXkqja":{"type":"image-banner","blocks":{"heading_qPUqQd":{"type":"heading","settings":{"heading":"<strong>About Us<\/strong>","heading_size":"h0"}}},"block_order":["heading_qPUqQd"],"settings":{"image":"shopify:\/\/shop_images\/pexels-emreorkunkeskin-52706.jpg","image_overlay_opacity":40,"image_height":"adapt","desktop_content_position":"middle-center","show_text_box":true,"desktop_content_alignment":"center","color_scheme":"scheme-93664e02-30e9-499c-ac57-4c2a9e6509fb","image_behavior":"fixed","mobile_content_alignment":"center","stack_images_on_mobile":true,"show_text_below":false}},"image_with_text_RAPyCT":{"type":"image-with-text","blocks":{"heading_fm4kVJ":{"type":"heading","settings":{"heading":"<strong>Driving Sustainable Impact <\/strong>","heading_size":"h1"}},"text_PnQRE3":{"type":"text","settings":{"text":"<p>Our commitment to sustainability goes beyond simply creating eco-friendly products; it starts with supporting the communities that bring these products to life. By partnering directly with farmers and artisans, we prioritize fair trade practices that provide equitable wages, safe working conditions, and sustainable livelihoods. This collaboration empowers local artisans to showcase their skills and craftsmanship, creating products that not only reflect their heritage but also embrace sustainable methods. Through these partnerships, we bring handcrafted, environmentally conscious products to market, each piece embodying a deep respect for nature and dedication to reducing environmental impact. This approach highlights the beauty of local craftsmanship and reinforces our shared responsibility to protect and preserve the planet.<\/p>","text_style":"body"}}},"block_order":["heading_fm4kVJ","text_PnQRE3"],"settings":{"image":"shopify:\/\/shop_images\/Image_1.png","height":"adapt","desktop_image_width":"small","layout":"text_first","desktop_content_position":"middle","desktop_content_alignment":"left","content_layout":"no-overlap","section_color_scheme":"","color_scheme":"","image_behavior":"none","mobile_content_alignment":"left","padding_top":36,"padding_bottom":36}},"image_banner_EXJphc":{"type":"image-banner","blocks":{"text_zTNhNq":{"type":"text","settings":{"text":"Every piece of plastic ever made still exists—let's refuse, reduce, and rethink our choices for a cleaner planet.","text_style":"body"}},"buttons_zeVRzw":{"type":"buttons","settings":{"button_label_1":"Learn More","button_link_1":"","button_style_secondary_1":false,"button_label_2":"","button_link_2":"","button_style_secondary_2":false}}},"block_order":["text_zTNhNq","buttons_zeVRzw"],"custom_css":[".button:disabled,.button[aria-disabled=\"true\"],.button.disabled,.customer button:disabled,.customer button[aria-disabled=\"true\"],.customer button.disabled,.quantity__button.disabled {cursor: not-allowed; opacity: 1;}"],"settings":{"image":"shopify:\/\/shop_images\/plastic-waste-quietly-gathers-ocean-unnoticed-by-marine-life.jpg","image_overlay_opacity":30,"image_height":"small","desktop_content_position":"middle-center","show_text_box":true,"desktop_content_alignment":"center","color_scheme":"scheme-93664e02-30e9-499c-ac57-4c2a9e6509fb","image_behavior":"fixed","mobile_content_alignment":"center","stack_images_on_mobile":false,"show_text_below":false}},"image_with_text_88AM6i":{"type":"image-with-text","blocks":{"heading_GpyFK3":{"type":"heading","settings":{"heading":"<strong>Our Mission<\/strong>","heading_size":"h1"}},"text_a7Lat8":{"type":"text","settings":{"text":"<p>Our mission is to inspire and empower sustainable living by providing eco-friendly, high-quality products that make a real difference for people and the planet. We aim to offer products that are thoughtfully crafted, responsibly sourced, and designed to minimize environmental impact. By choosing sustainable materials and ethical practices, we create items that benefit both our communities and the world at large. Our goal is to make sustainable choices accessible and appealing, fostering a collective movement toward a healthier, more responsible way of living that respects the Earth and uplifts those who contribute to it.<\/p>","text_style":"body"}}},"block_order":["heading_GpyFK3","text_a7Lat8"],"settings":{"image":"shopify:\/\/shop_images\/Image_2.png","height":"adapt","desktop_image_width":"medium","layout":"image_first","desktop_content_position":"top","desktop_content_alignment":"left","content_layout":"no-overlap","section_color_scheme":"","color_scheme":"","image_behavior":"none","mobile_content_alignment":"left","padding_top":36,"padding_bottom":36}},"tw_about_us_logo_section_fUxzXC":{"type":"tw-about-us-logo-section","blocks":{"add_logo_PDmRpw":{"type":"add_logo","settings":{"add_logo_image":"shopify:\/\/shop_images\/world.png","add_text_below_image":"Bio Degradable"}},"add_logo_nFm8iR":{"type":"add_logo","settings":{"add_logo_image":"shopify:\/\/shop_images\/home.png","add_text_below_image":"Good for Home"}},"add_logo_dqkUrN":{"type":"add_logo","settings":{"add_logo_image":"shopify:\/\/shop_images\/bio.png","add_text_below_image":"Eco Friendly"}},"add_logo_9brr7X":{"type":"add_logo","settings":{"add_logo_image":"shopify:\/\/shop_images\/bamboo.png","add_text_below_image":"Made from Bamboo"}},"add_logo_bFmYtT":{"type":"add_logo","settings":{"add_logo_image":"shopify:\/\/shop_images\/reuse.png","add_text_below_image":"Recycle Plastic"}},"add_logo_MF4yhT":{"type":"add_logo","settings":{"add_logo_image":"shopify:\/\/shop_images\/no-toxic.png","add_text_below_image":"No Chemicals"}}},"block_order":["add_logo_PDmRpw","add_logo_nFm8iR","add_logo_dqkUrN","add_logo_9brr7X","add_logo_bFmYtT","add_logo_MF4yhT"],"custom_css":[],"settings":{}},"amw_founder_section_Pq3r4j":{"type":"amw-founder-section","blocks":{"add_founders_rMPnji":{"type":"add_founders","settings":{"founder_image":"shopify:\/\/shop_images\/AGNI_MITRA.png","designation":"Founder","founder_name":"Agni Mitra"}},"add_founders_iQeKLW":{"type":"add_founders","settings":{"founder_image":"shopify:\/\/shop_images\/AKI_8981.jpg","designation":"Co-Founder","founder_name":"Sourav Dey"}},"add_founders_g6xB3p":{"type":"add_founders","settings":{"founder_image":"shopify:\/\/shop_images\/AKI_8962.jpg","designation":"Co-Founder","founder_name":"Avijit Rajak"}}},"block_order":["add_founders_rMPnji","add_founders_iQeKLW","add_founders_g6xB3p"],"settings":{"add_heading":"Heart of Our Mission","add_paragraph":"\"We are committed to creating high-quality Bamboo alternatives that are good for you and good for the planet. Harnessing bamboo’s renewability and versatility, we pave the path towards a greener future by replacing plastic in your daily routine\""}}},"order":["main","image_banner_wXkqja","image_with_text_RAPyCT","image_banner_EXJphc","image_with_text_88AM6i","tw_about_us_logo_section_fUxzXC","amw_founder_section_Pq3r4j"]}