{"sections":{"amw_bredcrum_N9Qhi3":{"type":"amw-bredcrum","settings":{}},"main":{"type":"main-product","blocks":{"vendor":{"type":"text","disabled":true,"settings":{"text":"{{ product.vendor }}","text_style":"uppercase"}},"title":{"type":"title","settings":{}},"price":{"type":"price","settings":{}},"variant_picker":{"type":"variant_picker","settings":{"picker_type":"button","swatch_shape":"circle"}},"quantity_selector":{"type":"quantity_selector","settings":{}},"shiprocket_promise_promise_widget_QNiydi":{"type":"shopify:\/\/apps\/shiprocket-promise\/blocks\/promise_widget\/c8f3f033-bec6-4084-8d6a-4d05e2a5ba32","settings":{}},"buy_buttons":{"type":"buy_buttons","settings":{"show_dynamic_checkout":true,"show_gift_card_recipient":true}},"collapsible_tab_ifXQ89":{"type":"collapsible_tab","settings":{"heading":"Benefits","icon":"none","content":"{{ product.metafields.custom.benefits_accordion_content | metafield_tag }}","page":"","liquid":""}},"collapsible_tab_yyVzqH":{"type":"collapsible_tab","settings":{"heading":"Product Description","icon":"none","content":"","page":"","liquid":"{{ product.description }}"}},"collapsible_tab_mFdk96":{"type":"collapsible_tab","settings":{"heading":"{{ product.metafields.custom.add_meta_collapsable_row_title.value }}","icon":"none","content":"{{ product.metafields.custom.ingredients | metafield_tag }}","page":"","liquid":""}},"collapsible_tab_kAaUpA":{"type":"collapsible_tab","settings":{"heading":"Shipping & Return","icon":"none","content":"","page":"","liquid":"<style>\n.heading-ship{\nfont-weight: 900 !important;\n    padding-bottom: 6px;\n }\n<\/style>\n\n\n\n<div class=\"heading-ship\">Shipping Policy:<\/strong><\/div>\nOrders Once Placed and Gone for Shipping Can’t Be CancelledOnce your order is confirmed, we begin prepping it immediately. That’s why cancellations aren’t possible after the order is shipped. Thanks for understanding!Refused Delivery? No WorriesIf you’ve prepaid for an order but choose not to accept it at delivery, we’ll deduct the courier’s Return to Origin (RTO) fee and refund the remaining amount. <a href=\"\/policies\/shipping-policy\">See More.....<\/a>\n<br>\n<br>\n<div class=\"heading-ship\">Return  & Refund Policy:<\/strong><\/div><br>\nNo Returns for Preference-Based Reasons\nWe do not accept returns for reasons like color, size, or aesthetic preference. Sustainability is personal, but returns must be for valid product issues only.\nDamaged or Defective Items? We’ve Got You\nIf your product arrives damaged or has a manufacturing defect, we’ll gladly assist. Just ensure the issue is clearly visible in a video recorded during unboxing.\nHow to Raise a Return Request:\nRecord the Damage: Take a video of the unboxing (open box video), clearly showing the issue, within 24 hours of delivery.<a href=\"\/policies\/refund-policy\"> See More.....<\/a>\n<br><br>\nShare with Us:\nCall Us: 1800 257 4100\nWhatsApp: +91 6292343076 <br>\nEmail: connectus@ecoconsious.in"}}},"block_order":["vendor","title","price","variant_picker","quantity_selector","shiprocket_promise_promise_widget_QNiydi","buy_buttons","collapsible_tab_ifXQ89","collapsible_tab_yyVzqH","collapsible_tab_mFdk96","collapsible_tab_kAaUpA"],"custom_css":[".media > *:not(.zoom):not(.deferred-media__poster-button),.media model-viewer,.product-media-container {border-radius: 10px;}",".badge {display: none;}",".product__info-container .price--on-sale .price__sale {gap: 10px;}",".button--full-width {gap: 5px;}"],"settings":{"enable_sticky_info":true,"color_scheme":"scheme-6","media_size":"small","constrain_to_viewport":false,"media_fit":"contain","gallery_layout":"thumbnail_slider","media_position":"left","image_zoom":"lightbox","mobile_thumbnails":"show","hide_variants":true,"enable_video_looping":false,"padding_top":24,"padding_bottom":12}},"172439890802665cc0":{"type":"apps","blocks":{"judge_me_reviews_review_widget_tUHDJP":{"type":"shopify:\/\/apps\/judge-me-reviews\/blocks\/review_widget\/61ccd3b1-a9f2-4160-9fe9-4fec8413e5d8","settings":{}}},"block_order":["judge_me_reviews_review_widget_tUHDJP"],"settings":{"include_margins":true}},"related_products_LARMkx":{"type":"related-products","settings":{"heading":"Similar Recommendations for You","heading_size":"h1","quick_add":"standard","products_to_show":10,"columns_desktop":4,"color_scheme":"","image_ratio":"adapt","image_shape":"default","show_secondary_image":true,"show_vendor":false,"show_rating":true,"columns_mobile":"2","padding_top":16,"padding_bottom":44}},"amw_recently_viewed_product_P66w6A":{"type":"amw-recently-viewed-product","settings":{"heading":"Recently Viewed"}},"sticky_add_to_cart_RPYjDa":{"type":"sticky-add-to-cart","name":"Sticky Add to Cart","settings":{"show_sticky_image":true,"show_sticky_title":true,"show_sticky_price":true,"show_sticky_compare_price":true,"show_sticky_discount_badge":true,"show_sticky_variant_selector":true,"show_sticky_quantity_selector":true,"show_when_scroll_past_main_atc":false,"background_color":"#e1ede3","text_color":"#05140d","border_color":"#ffffff","price_color":"#05140d","compare_price_color":"#d62d2d","discount_badge_bg_color":"#d62d2d","discount_badge_text_color":"#ffffff","button_bg_color":"#2f903b","button_text_color":"#ffffff","button_hover_bg_color":"#236c2c","add_to_cart_text":"Add to Cart","sold_out_text":"Sold Out","adding_button_text":"Adding...","added_button_text":"Added!","max_width":1350}}},"order":["amw_bredcrum_N9Qhi3","main","172439890802665cc0","related_products_LARMkx","amw_recently_viewed_product_P66w6A","sticky_add_to_cart_RPYjDa"]}